Transaction Name,Start Time,Response Time,Status,Vuser ID
/api/login,2026-05-01 10:00:00,0.190,Pass,Vuser0
/api/login,2026-05-01 10:00:00,0.156,Pass,Vuser1
/api/orders,2026-05-01 10:00:00,0.534,Pass,Vuser2
/api/products,2026-05-01 10:00:00,0.177,Pass,Vuser3
/api/orders,2026-05-01 10:00:01,0.498,Pass,Vuser4
/api/orders,2026-05-01 10:00:01,0.417,Pass,Vuser5
/api/checkout,2026-05-01 10:00:01,0.292,Fail,Vuser6
/api/products,2026-05-01 10:00:01,0.102,Pass,Vuser7
/api/cart/add,2026-05-01 10:00:02,0.144,Pass,Vuser8
/api/login,2026-05-01 10:00:02,0.184,Pass,Vuser9
/api/login,2026-05-01 10:00:02,0.121,Pass,Vuser10
/api/login,2026-05-01 10:00:02,0.186,Pass,Vuser11
/api/orders,2026-05-01 10:00:03,0.640,Pass,Vuser12
/api/cart/add,2026-05-01 10:00:03,0.230,Pass,Vuser13
/api/orders,2026-05-01 10:00:03,0.507,Pass,Vuser14
/api/login,2026-05-01 10:00:03,0.119,Pass,Vuser15
/api/products,2026-05-01 10:00:04,0.171,Pass,Vuser16
/api/login,2026-05-01 10:00:04,0.050,Pass,Vuser17
/api/checkout,2026-05-01 10:00:04,0.475,Pass,Vuser18
/api/products,2026-05-01 10:00:04,0.114,Pass,Vuser19
/api/login,2026-05-01 10:00:05,0.126,Pass,Vuser20
/api/products,2026-05-01 10:00:05,0.131,Pass,Vuser21
/api/cart/add,2026-05-01 10:00:05,0.221,Pass,Vuser22
/api/cart/add,2026-05-01 10:00:05,0.145,Pass,Vuser23
/api/login,2026-05-01 10:00:06,0.152,Pass,Vuser24
/api/cart/add,2026-05-01 10:00:06,0.163,Pass,Vuser0
/api/orders,2026-05-01 10:00:06,0.493,Pass,Vuser1
/api/checkout,2026-05-01 10:00:06,0.478,Pass,Vuser2
/api/checkout,2026-05-01 10:00:07,0.668,Pass,Vuser3
/api/orders,2026-05-01 10:00:07,0.464,Pass,Vuser4
/api/orders,2026-05-01 10:00:07,0.221,Pass,Vuser5
/api/products,2026-05-01 10:00:07,0.179,Pass,Vuser6
/api/login,2026-05-01 10:00:08,0.154,Pass,Vuser7
/api/products,2026-05-01 10:00:08,0.051,Pass,Vuser8
/api/checkout,2026-05-01 10:00:08,0.438,Pass,Vuser9
/api/checkout,2026-05-01 10:00:08,0.488,Pass,Vuser10
/api/orders,2026-05-01 10:00:09,0.415,Pass,Vuser11
/api/orders,2026-05-01 10:00:09,0.383,Pass,Vuser12
/api/cart/add,2026-05-01 10:00:09,0.191,Pass,Vuser13
/api/cart/add,2026-05-01 10:00:09,0.184,Pass,Vuser14
/api/products,2026-05-01 10:00:10,0.126,Pass,Vuser15
/api/orders,2026-05-01 10:00:10,0.397,Pass,Vuser16
/api/products,2026-05-01 10:00:10,0.129,Pass,Vuser17
/api/orders,2026-05-01 10:00:10,0.463,Pass,Vuser18
/api/orders,2026-05-01 10:00:11,0.387,Pass,Vuser19
/api/cart/add,2026-05-01 10:00:11,0.159,Pass,Vuser20
/api/products,2026-05-01 10:00:11,0.237,Pass,Vuser21
/api/checkout,2026-05-01 10:00:11,0.264,Pass,Vuser22
/api/orders,2026-05-01 10:00:12,0.408,Pass,Vuser23
/api/orders,2026-05-01 10:00:12,0.322,Pass,Vuser24
/api/orders,2026-05-01 10:00:12,0.509,Pass,Vuser0
/api/orders,2026-05-01 10:00:12,0.287,Pass,Vuser1
/api/products,2026-05-01 10:00:13,0.138,Pass,Vuser2
/api/cart/add,2026-05-01 10:00:13,0.101,Pass,Vuser3
/api/orders,2026-05-01 10:00:13,0.292,Pass,Vuser4
/api/login,2026-05-01 10:00:13,0.161,Pass,Vuser5
/api/products,2026-05-01 10:00:14,0.145,Pass,Vuser6
/api/login,2026-05-01 10:00:14,0.147,Pass,Vuser7
/api/login,2026-05-01 10:00:14,0.162,Pass,Vuser8
/api/checkout,2026-05-01 10:00:14,0.541,Pass,Vuser9
/api/products,2026-05-01 10:00:15,0.133,Pass,Vuser10
/api/products,2026-05-01 10:00:15,0.050,Pass,Vuser11
/api/checkout,2026-05-01 10:00:15,0.633,Pass,Vuser12
/api/checkout,2026-05-01 10:00:15,0.684,Pass,Vuser13
/api/login,2026-05-01 10:00:16,0.083,Pass,Vuser14
/api/checkout,2026-05-01 10:00:16,0.090,Pass,Vuser15
/api/login,2026-05-01 10:00:16,0.150,Pass,Vuser16
/api/checkout,2026-05-01 10:00:16,0.730,Pass,Vuser17
/api/checkout,2026-05-01 10:00:17,0.601,Pass,Vuser18
/api/orders,2026-05-01 10:00:17,0.740,Pass,Vuser19
/api/orders,2026-05-01 10:00:17,0.603,Pass,Vuser20
/api/products,2026-05-01 10:00:17,0.050,Pass,Vuser21
/api/checkout,2026-05-01 10:00:18,0.203,Pass,Vuser22
/api/products,2026-05-01 10:00:18,0.162,Pass,Vuser23
/api/checkout,2026-05-01 10:00:18,0.567,Pass,Vuser24
/api/checkout,2026-05-01 10:00:18,0.949,Pass,Vuser0
/api/orders,2026-05-01 10:00:19,0.309,Pass,Vuser1
/api/products,2026-05-01 10:00:19,0.101,Pass,Vuser2
/api/orders,2026-05-01 10:00:19,0.395,Pass,Vuser3
/api/login,2026-05-01 10:00:19,0.132,Pass,Vuser4
/api/orders,2026-05-01 10:00:20,0.561,Pass,Vuser5
/api/orders,2026-05-01 10:00:20,0.310,Pass,Vuser6
/api/products,2026-05-01 10:00:20,0.167,Pass,Vuser7
/api/checkout,2026-05-01 10:00:20,0.631,Pass,Vuser8
/api/orders,2026-05-01 10:00:21,0.405,Pass,Vuser9
/api/checkout,2026-05-01 10:00:21,0.869,Pass,Vuser10
/api/orders,2026-05-01 10:00:21,0.053,Pass,Vuser11
/api/cart/add,2026-05-01 10:00:21,0.133,Pass,Vuser12
/api/checkout,2026-05-01 10:00:22,0.796,Pass,Vuser13
/api/login,2026-05-01 10:00:22,0.203,Fail,Vuser14
/api/orders,2026-05-01 10:00:22,0.900,Pass,Vuser15
/api/products,2026-05-01 10:00:22,0.148,Pass,Vuser16
/api/products,2026-05-01 10:00:23,0.244,Pass,Vuser17
/api/cart/add,2026-05-01 10:00:23,0.108,Pass,Vuser18
/api/checkout,2026-05-01 10:00:23,0.757,Pass,Vuser19
/api/orders,2026-05-01 10:00:23,0.198,Fail,Vuser20
/api/orders,2026-05-01 10:00:24,0.332,Pass,Vuser21
/api/products,2026-05-01 10:00:24,0.220,Pass,Vuser22
/api/login,2026-05-01 10:00:24,0.149,Pass,Vuser23
/api/products,2026-05-01 10:00:24,0.121,Pass,Vuser24
/api/products,2026-05-01 10:00:25,0.113,Pass,Vuser0
/api/cart/add,2026-05-01 10:00:25,0.060,Pass,Vuser1
/api/login,2026-05-01 10:00:25,0.194,Pass,Vuser2
/api/login,2026-05-01 10:00:25,0.179,Pass,Vuser3
/api/products,2026-05-01 10:00:26,0.125,Pass,Vuser4
/api/orders,2026-05-01 10:00:26,0.311,Pass,Vuser5
/api/orders,2026-05-01 10:00:26,0.459,Pass,Vuser6
/api/products,2026-05-01 10:00:26,0.151,Pass,Vuser7
/api/cart/add,2026-05-01 10:00:27,0.125,Pass,Vuser8
/api/cart/add,2026-05-01 10:00:27,0.136,Pass,Vuser9
/api/login,2026-05-01 10:00:27,0.178,Pass,Vuser10
/api/login,2026-05-01 10:00:27,0.130,Pass,Vuser11
/api/orders,2026-05-01 10:00:28,0.514,Pass,Vuser12
/api/products,2026-05-01 10:00:28,0.116,Pass,Vuser13
/api/products,2026-05-01 10:00:28,0.240,Pass,Vuser14
/api/checkout,2026-05-01 10:00:28,0.189,Fail,Vuser15
/api/cart/add,2026-05-01 10:00:29,0.160,Pass,Vuser16
/api/products,2026-05-01 10:00:29,0.100,Pass,Vuser17
/api/login,2026-05-01 10:00:29,0.140,Pass,Vuser18
/api/products,2026-05-01 10:00:29,0.159,Pass,Vuser19
/api/checkout,2026-05-01 10:00:30,0.383,Pass,Vuser20
/api/products,2026-05-01 10:00:30,0.225,Pass,Vuser21
/api/products,2026-05-01 10:00:30,0.118,Pass,Vuser22
/api/cart/add,2026-05-01 10:00:30,0.174,Pass,Vuser23
/api/orders,2026-05-01 10:00:31,0.059,Pass,Vuser24
/api/login,2026-05-01 10:00:31,0.233,Pass,Vuser0
/api/cart/add,2026-05-01 10:00:31,0.206,Pass,Vuser1
/api/login,2026-05-01 10:00:31,0.265,Pass,Vuser2
/api/cart/add,2026-05-01 10:00:32,0.144,Pass,Vuser3
/api/orders,2026-05-01 10:00:32,0.271,Pass,Vuser4
/api/orders,2026-05-01 10:00:32,0.417,Pass,Vuser5
/api/orders,2026-05-01 10:00:32,0.442,Pass,Vuser6
/api/orders,2026-05-01 10:00:33,0.262,Pass,Vuser7
/api/products,2026-05-01 10:00:33,0.050,Pass,Vuser8
/api/login,2026-05-01 10:00:33,0.257,Pass,Vuser9
/api/login,2026-05-01 10:00:33,0.114,Pass,Vuser10
/api/cart/add,2026-05-01 10:00:34,0.076,Pass,Vuser11
/api/cart/add,2026-05-01 10:00:34,0.147,Pass,Vuser12
/api/products,2026-05-01 10:00:34,0.050,Pass,Vuser13
/api/products,2026-05-01 10:00:34,0.207,Pass,Vuser14
/api/cart/add,2026-05-01 10:00:35,0.071,Pass,Vuser15
/api/products,2026-05-01 10:00:35,0.203,Pass,Vuser16
/api/orders,2026-05-01 10:00:35,0.296,Pass,Vuser17
/api/products,2026-05-01 10:00:35,0.123,Pass,Vuser18
/api/products,2026-05-01 10:00:36,0.128,Pass,Vuser19
/api/orders,2026-05-01 10:00:36,0.297,Pass,Vuser20
/api/products,2026-05-01 10:00:36,0.133,Pass,Vuser21
/api/login,2026-05-01 10:00:36,0.118,Pass,Vuser22
/api/checkout,2026-05-01 10:00:37,0.338,Pass,Vuser23
/api/orders,2026-05-01 10:00:37,0.235,Pass,Vuser24
/api/checkout,2026-05-01 10:00:37,0.451,Pass,Vuser0
/api/login,2026-05-01 10:00:37,0.151,Pass,Vuser1
/api/login,2026-05-01 10:00:38,0.156,Pass,Vuser2
/api/orders,2026-05-01 10:00:38,0.296,Pass,Vuser3
/api/orders,2026-05-01 10:00:38,0.401,Pass,Vuser4
/api/checkout,2026-05-01 10:00:38,0.988,Pass,Vuser5
/api/orders,2026-05-01 10:00:39,0.097,Pass,Vuser6
/api/orders,2026-05-01 10:00:39,0.193,Pass,Vuser7
/api/orders,2026-05-01 10:00:39,0.107,Pass,Vuser8
/api/products,2026-05-01 10:00:39,0.198,Pass,Vuser9
/api/checkout,2026-05-01 10:00:40,0.282,Pass,Vuser10
/api/cart/add,2026-05-01 10:00:40,0.176,Pass,Vuser11
/api/orders,2026-05-01 10:00:40,0.290,Pass,Vuser12
/api/cart/add,2026-05-01 10:00:40,0.154,Pass,Vuser13
/api/cart/add,2026-05-01 10:00:41,0.124,Pass,Vuser14
/api/products,2026-05-01 10:00:41,0.206,Pass,Vuser15
/api/products,2026-05-01 10:00:41,0.145,Pass,Vuser16
/api/orders,2026-05-01 10:00:41,0.347,Pass,Vuser17
/api/login,2026-05-01 10:00:42,0.164,Pass,Vuser18
/api/orders,2026-05-01 10:00:42,0.551,Pass,Vuser19
/api/login,2026-05-01 10:00:42,0.203,Pass,Vuser20
/api/login,2026-05-01 10:00:42,0.083,Pass,Vuser21
/api/cart/add,2026-05-01 10:00:43,0.152,Pass,Vuser22
/api/checkout,2026-05-01 10:00:43,0.208,Pass,Vuser23
/api/orders,2026-05-01 10:00:43,0.499,Pass,Vuser24
/api/cart/add,2026-05-01 10:00:43,0.050,Pass,Vuser0
/api/login,2026-05-01 10:00:44,0.093,Pass,Vuser1
/api/products,2026-05-01 10:00:44,0.198,Pass,Vuser2
/api/products,2026-05-01 10:00:44,0.211,Pass,Vuser3
/api/orders,2026-05-01 10:00:44,0.378,Pass,Vuser4
/api/login,2026-05-01 10:00:45,0.196,Pass,Vuser5
/api/products,2026-05-01 10:00:45,0.177,Pass,Vuser6
/api/checkout,2026-05-01 10:00:45,0.497,Pass,Vuser7
/api/checkout,2026-05-01 10:00:45,0.795,Pass,Vuser8
/api/checkout,2026-05-01 10:00:46,0.599,Fail,Vuser9
/api/orders,2026-05-01 10:00:46,0.462,Pass,Vuser10
/api/cart/add,2026-05-01 10:00:46,0.153,Pass,Vuser11
/api/login,2026-05-01 10:00:46,0.169,Pass,Vuser12
/api/products,2026-05-01 10:00:47,0.153,Pass,Vuser13
/api/products,2026-05-01 10:00:47,0.160,Pass,Vuser14
/api/login,2026-05-01 10:00:47,0.118,Pass,Vuser15
/api/cart/add,2026-05-01 10:00:47,0.136,Pass,Vuser16
/api/orders,2026-05-01 10:00:48,0.633,Pass,Vuser17
/api/products,2026-05-01 10:00:48,0.132,Pass,Vuser18
/api/login,2026-05-01 10:00:48,0.050,Pass,Vuser19
/api/checkout,2026-05-01 10:00:48,0.382,Pass,Vuser20
/api/products,2026-05-01 10:00:49,0.218,Pass,Vuser21
/api/login,2026-05-01 10:00:49,0.185,Pass,Vuser22
/api/cart/add,2026-05-01 10:00:49,0.190,Pass,Vuser23
/api/orders,2026-05-01 10:00:49,0.236,Pass,Vuser24
/api/cart/add,2026-05-01 10:00:50,0.078,Pass,Vuser0
/api/cart/add,2026-05-01 10:00:50,0.135,Pass,Vuser1
/api/checkout,2026-05-01 10:00:50,0.641,Pass,Vuser2
/api/checkout,2026-05-01 10:00:50,0.515,Pass,Vuser3
/api/checkout,2026-05-01 10:00:51,0.709,Pass,Vuser4
/api/orders,2026-05-01 10:00:51,0.563,Pass,Vuser5
/api/orders,2026-05-01 10:00:51,0.426,Pass,Vuser6
/api/orders,2026-05-01 10:00:51,0.234,Pass,Vuser7
/api/products,2026-05-01 10:00:52,0.160,Pass,Vuser8
/api/products,2026-05-01 10:00:52,0.131,Pass,Vuser9
/api/orders,2026-05-01 10:00:52,0.287,Pass,Vuser10
/api/cart/add,2026-05-01 10:00:52,0.119,Pass,Vuser11
/api/products,2026-05-01 10:00:53,0.126,Pass,Vuser12
/api/orders,2026-05-01 10:00:53,0.492,Pass,Vuser13
/api/cart/add,2026-05-01 10:00:53,0.093,Pass,Vuser14
/api/products,2026-05-01 10:00:53,0.129,Pass,Vuser15
/api/checkout,2026-05-01 10:00:54,0.461,Pass,Vuser16
/api/checkout,2026-05-01 10:00:54,0.550,Pass,Vuser17
/api/login,2026-05-01 10:00:54,0.180,Pass,Vuser18
/api/cart/add,2026-05-01 10:00:54,0.170,Pass,Vuser19
/api/cart/add,2026-05-01 10:00:55,0.089,Pass,Vuser20
/api/orders,2026-05-01 10:00:55,0.431,Pass,Vuser21
/api/checkout,2026-05-01 10:00:55,0.580,Pass,Vuser22
/api/products,2026-05-01 10:00:55,0.188,Pass,Vuser23
/api/orders,2026-05-01 10:00:56,0.619,Pass,Vuser24
/api/checkout,2026-05-01 10:00:56,0.507,Pass,Vuser0
/api/orders,2026-05-01 10:00:56,0.581,Pass,Vuser1
/api/login,2026-05-01 10:00:56,0.141,Pass,Vuser2
/api/cart/add,2026-05-01 10:00:57,0.154,Pass,Vuser3
/api/orders,2026-05-01 10:00:57,0.493,Pass,Vuser4
/api/login,2026-05-01 10:00:57,0.213,Pass,Vuser5
/api/products,2026-05-01 10:00:57,0.140,Pass,Vuser6
/api/checkout,2026-05-01 10:00:58,0.625,Pass,Vuser7
/api/checkout,2026-05-01 10:00:58,0.619,Pass,Vuser8
/api/products,2026-05-01 10:00:58,0.187,Pass,Vuser9
/api/login,2026-05-01 10:00:58,0.142,Pass,Vuser10
/api/checkout,2026-05-01 10:00:59,0.338,Pass,Vuser11
/api/products,2026-05-01 10:00:59,0.153,Pass,Vuser12
/api/orders,2026-05-01 10:00:59,0.460,Pass,Vuser13
/api/orders,2026-05-01 10:00:59,0.380,Pass,Vuser14
/api/orders,2026-05-01 10:01:00,0.229,Pass,Vuser15
/api/checkout,2026-05-01 10:01:00,0.442,Pass,Vuser16
/api/checkout,2026-05-01 10:01:00,0.522,Pass,Vuser17
/api/orders,2026-05-01 10:01:00,0.591,Pass,Vuser18
/api/orders,2026-05-01 10:01:01,0.466,Pass,Vuser19
/api/products,2026-05-01 10:01:01,0.144,Pass,Vuser20
/api/login,2026-05-01 10:01:01,0.167,Pass,Vuser21
/api/login,2026-05-01 10:01:01,0.176,Pass,Vuser22
/api/orders,2026-05-01 10:01:02,0.362,Pass,Vuser23
/api/cart/add,2026-05-01 10:01:02,0.152,Pass,Vuser24
/api/checkout,2026-05-01 10:01:02,0.731,Pass,Vuser0
/api/orders,2026-05-01 10:01:02,0.447,Pass,Vuser1
/api/products,2026-05-01 10:01:03,0.094,Pass,Vuser2
/api/cart/add,2026-05-01 10:01:03,0.178,Pass,Vuser3
/api/login,2026-05-01 10:01:03,0.233,Pass,Vuser4
/api/orders,2026-05-01 10:01:03,0.497,Pass,Vuser5
/api/checkout,2026-05-01 10:01:04,0.817,Pass,Vuser6
/api/cart/add,2026-05-01 10:01:04,0.204,Pass,Vuser7
/api/checkout,2026-05-01 10:01:04,0.350,Pass,Vuser8
/api/cart/add,2026-05-01 10:01:04,0.176,Pass,Vuser9
/api/login,2026-05-01 10:01:05,0.257,Pass,Vuser10
/api/orders,2026-05-01 10:01:05,0.608,Pass,Vuser11
/api/login,2026-05-01 10:01:05,0.225,Pass,Vuser12
/api/login,2026-05-01 10:01:05,0.150,Pass,Vuser13
/api/products,2026-05-01 10:01:06,0.079,Pass,Vuser14
/api/products,2026-05-01 10:01:06,0.163,Pass,Vuser15
/api/checkout,2026-05-01 10:01:06,0.446,Pass,Vuser16
/api/cart/add,2026-05-01 10:01:06,0.106,Pass,Vuser17
/api/cart/add,2026-05-01 10:01:07,0.103,Pass,Vuser18
/api/checkout,2026-05-01 10:01:07,0.254,Pass,Vuser19
/api/checkout,2026-05-01 10:01:07,0.698,Pass,Vuser20
/api/cart/add,2026-05-01 10:01:07,0.092,Pass,Vuser21
/api/login,2026-05-01 10:01:08,0.200,Pass,Vuser22
/api/login,2026-05-01 10:01:08,0.141,Pass,Vuser23
/api/orders,2026-05-01 10:01:08,0.351,Pass,Vuser24
/api/orders,2026-05-01 10:01:08,0.412,Pass,Vuser0
/api/checkout,2026-05-01 10:01:09,0.608,Pass,Vuser1
/api/cart/add,2026-05-01 10:01:09,0.116,Pass,Vuser2
/api/checkout,2026-05-01 10:01:09,0.989,Pass,Vuser3
/api/products,2026-05-01 10:01:09,0.243,Pass,Vuser4
/api/cart/add,2026-05-01 10:01:10,0.090,Pass,Vuser5
/api/login,2026-05-01 10:01:10,0.130,Pass,Vuser6
/api/login,2026-05-01 10:01:10,0.133,Pass,Vuser7
/api/cart/add,2026-05-01 10:01:10,0.127,Pass,Vuser8
/api/cart/add,2026-05-01 10:01:11,0.101,Pass,Vuser9
/api/checkout,2026-05-01 10:01:11,0.716,Pass,Vuser10
/api/checkout,2026-05-01 10:01:11,0.699,Pass,Vuser11
/api/products,2026-05-01 10:01:11,0.213,Pass,Vuser12
/api/cart/add,2026-05-01 10:01:12,0.164,Pass,Vuser13
/api/orders,2026-05-01 10:01:12,0.109,Pass,Vuser14
/api/login,2026-05-01 10:01:12,0.141,Pass,Vuser15
/api/checkout,2026-05-01 10:01:12,0.765,Pass,Vuser16
/api/checkout,2026-05-01 10:01:13,0.421,Pass,Vuser17
/api/orders,2026-05-01 10:01:13,0.367,Pass,Vuser18
/api/cart/add,2026-05-01 10:01:13,0.246,Pass,Vuser19
/api/checkout,2026-05-01 10:01:13,0.189,Pass,Vuser20
/api/checkout,2026-05-01 10:01:14,0.918,Pass,Vuser21
/api/checkout,2026-05-01 10:01:14,0.690,Pass,Vuser22
/api/products,2026-05-01 10:01:14,0.136,Pass,Vuser23
/api/orders,2026-05-01 10:01:14,0.401,Pass,Vuser24
/api/login,2026-05-01 10:01:15,0.188,Pass,Vuser0
/api/checkout,2026-05-01 10:01:15,0.447,Fail,Vuser1
/api/products,2026-05-01 10:01:15,0.088,Pass,Vuser2
/api/checkout,2026-05-01 10:01:15,0.756,Pass,Vuser3
/api/cart/add,2026-05-01 10:01:16,0.109,Pass,Vuser4
/api/cart/add,2026-05-01 10:01:16,0.215,Pass,Vuser5
/api/orders,2026-05-01 10:01:16,0.305,Pass,Vuser6
/api/checkout,2026-05-01 10:01:16,0.719,Pass,Vuser7
/api/login,2026-05-01 10:01:17,0.123,Pass,Vuser8
/api/cart/add,2026-05-01 10:01:17,0.125,Pass,Vuser9
/api/login,2026-05-01 10:01:17,0.129,Pass,Vuser10
/api/login,2026-05-01 10:01:17,0.159,Pass,Vuser11
/api/cart/add,2026-05-01 10:01:18,0.163,Pass,Vuser12
/api/cart/add,2026-05-01 10:01:18,0.141,Pass,Vuser13
/api/checkout,2026-05-01 10:01:18,0.750,Pass,Vuser14
/api/products,2026-05-01 10:01:18,0.199,Pass,Vuser15
/api/login,2026-05-01 10:01:19,0.112,Pass,Vuser16
/api/checkout,2026-05-01 10:01:19,0.475,Pass,Vuser17
/api/products,2026-05-01 10:01:19,0.158,Pass,Vuser18
/api/login,2026-05-01 10:01:19,0.221,Pass,Vuser19
/api/checkout,2026-05-01 10:01:20,0.845,Pass,Vuser20
/api/checkout,2026-05-01 10:01:20,0.425,Pass,Vuser21
/api/orders,2026-05-01 10:01:20,0.283,Pass,Vuser22
/api/checkout,2026-05-01 10:01:20,1.087,Pass,Vuser23
/api/products,2026-05-01 10:01:21,0.248,Pass,Vuser24
/api/checkout,2026-05-01 10:01:21,0.598,Pass,Vuser0
/api/orders,2026-05-01 10:01:21,0.334,Pass,Vuser1
/api/checkout,2026-05-01 10:01:21,0.897,Pass,Vuser2
/api/orders,2026-05-01 10:01:22,0.572,Pass,Vuser3
/api/orders,2026-05-01 10:01:22,0.205,Pass,Vuser4
/api/cart/add,2026-05-01 10:01:22,0.156,Pass,Vuser5
/api/products,2026-05-01 10:01:22,0.114,Pass,Vuser6
/api/orders,2026-05-01 10:01:23,0.399,Pass,Vuser7
/api/products,2026-05-01 10:01:23,0.234,Pass,Vuser8
/api/login,2026-05-01 10:01:23,0.130,Pass,Vuser9
/api/products,2026-05-01 10:01:23,0.200,Pass,Vuser10
/api/cart/add,2026-05-01 10:01:24,0.126,Pass,Vuser11
/api/orders,2026-05-01 10:01:24,0.538,Pass,Vuser12
/api/cart/add,2026-05-01 10:01:24,0.050,Pass,Vuser13
/api/cart/add,2026-05-01 10:01:24,0.129,Pass,Vuser14
/api/checkout,2026-05-01 10:01:25,0.764,Pass,Vuser15
/api/login,2026-05-01 10:01:25,0.141,Pass,Vuser16
/api/login,2026-05-01 10:01:25,0.233,Pass,Vuser17
/api/checkout,2026-05-01 10:01:25,1.003,Pass,Vuser18
/api/orders,2026-05-01 10:01:26,0.224,Fail,Vuser19
/api/orders,2026-05-01 10:01:26,0.598,Pass,Vuser20
/api/cart/add,2026-05-01 10:01:26,0.115,Pass,Vuser21
/api/cart/add,2026-05-01 10:01:26,0.084,Pass,Vuser22
/api/products,2026-05-01 10:01:27,0.082,Pass,Vuser23
/api/cart/add,2026-05-01 10:01:27,0.162,Pass,Vuser24
/api/products,2026-05-01 10:01:27,0.107,Pass,Vuser0
/api/cart/add,2026-05-01 10:01:27,0.093,Pass,Vuser1
/api/login,2026-05-01 10:01:28,0.227,Pass,Vuser2
/api/checkout,2026-05-01 10:01:28,0.972,Pass,Vuser3
/api/products,2026-05-01 10:01:28,0.171,Pass,Vuser4
/api/orders,2026-05-01 10:01:28,0.347,Pass,Vuser5
/api/products,2026-05-01 10:01:29,0.205,Pass,Vuser6
/api/orders,2026-05-01 10:01:29,0.256,Pass,Vuser7
/api/cart/add,2026-05-01 10:01:29,0.197,Pass,Vuser8
/api/products,2026-05-01 10:01:29,0.160,Pass,Vuser9
/api/login,2026-05-01 10:01:30,0.198,Pass,Vuser10
/api/cart/add,2026-05-01 10:01:30,0.144,Pass,Vuser11
/api/cart/add,2026-05-01 10:01:30,0.159,Pass,Vuser12
/api/checkout,2026-05-01 10:01:30,0.695,Pass,Vuser13
/api/products,2026-05-01 10:01:31,0.108,Pass,Vuser14
/api/cart/add,2026-05-01 10:01:31,0.098,Pass,Vuser15
/api/products,2026-05-01 10:01:31,0.158,Pass,Vuser16
/api/orders,2026-05-01 10:01:31,0.301,Pass,Vuser17
/api/products,2026-05-01 10:01:32,0.164,Pass,Vuser18
/api/orders,2026-05-01 10:01:32,0.299,Fail,Vuser19
/api/products,2026-05-01 10:01:32,0.212,Pass,Vuser20
/api/login,2026-05-01 10:01:32,0.145,Pass,Vuser21
/api/login,2026-05-01 10:01:33,0.182,Pass,Vuser22
/api/orders,2026-05-01 10:01:33,0.504,Pass,Vuser23
/api/products,2026-05-01 10:01:33,0.147,Pass,Vuser24
/api/login,2026-05-01 10:01:33,0.176,Pass,Vuser0
/api/checkout,2026-05-01 10:01:34,0.420,Pass,Vuser1
/api/checkout,2026-05-01 10:01:34,0.661,Pass,Vuser2
/api/orders,2026-05-01 10:01:34,0.653,Pass,Vuser3
/api/orders,2026-05-01 10:01:34,0.471,Pass,Vuser4
/api/login,2026-05-01 10:01:35,0.203,Pass,Vuser5
/api/login,2026-05-01 10:01:35,0.171,Pass,Vuser6
/api/checkout,2026-05-01 10:01:35,0.673,Pass,Vuser7
/api/login,2026-05-01 10:01:35,0.159,Pass,Vuser8
/api/orders,2026-05-01 10:01:36,0.273,Pass,Vuser9
/api/orders,2026-05-01 10:01:36,0.260,Pass,Vuser10
/api/checkout,2026-05-01 10:01:36,0.388,Pass,Vuser11
/api/login,2026-05-01 10:01:36,0.148,Pass,Vuser12
/api/orders,2026-05-01 10:01:37,0.381,Pass,Vuser13
/api/products,2026-05-01 10:01:37,0.116,Pass,Vuser14
/api/checkout,2026-05-01 10:01:37,0.340,Pass,Vuser15
/api/cart/add,2026-05-01 10:01:37,0.198,Pass,Vuser16
/api/cart/add,2026-05-01 10:01:38,0.223,Pass,Vuser17
/api/login,2026-05-01 10:01:38,0.128,Pass,Vuser18
/api/login,2026-05-01 10:01:38,0.075,Pass,Vuser19
/api/products,2026-05-01 10:01:38,0.184,Pass,Vuser20
/api/orders,2026-05-01 10:01:39,0.586,Pass,Vuser21
/api/checkout,2026-05-01 10:01:39,0.531,Pass,Vuser22
/api/checkout,2026-05-01 10:01:39,0.816,Pass,Vuser23
/api/orders,2026-05-01 10:01:39,0.223,Pass,Vuser24
/api/login,2026-05-01 10:01:40,0.119,Pass,Vuser0
/api/products,2026-05-01 10:01:40,0.134,Pass,Vuser1
/api/cart/add,2026-05-01 10:01:40,0.177,Pass,Vuser2
/api/orders,2026-05-01 10:01:40,0.281,Pass,Vuser3
/api/checkout,2026-05-01 10:01:41,0.905,Pass,Vuser4
/api/orders,2026-05-01 10:01:41,0.064,Pass,Vuser5
/api/orders,2026-05-01 10:01:41,0.740,Pass,Vuser6
/api/cart/add,2026-05-01 10:01:41,0.169,Pass,Vuser7
/api/cart/add,2026-05-01 10:01:42,0.137,Pass,Vuser8
/api/login,2026-05-01 10:01:42,0.109,Pass,Vuser9
/api/products,2026-05-01 10:01:42,0.104,Pass,Vuser10
/api/login,2026-05-01 10:01:42,0.130,Pass,Vuser11
/api/orders,2026-05-01 10:01:43,0.434,Pass,Vuser12
/api/cart/add,2026-05-01 10:01:43,0.201,Pass,Vuser13
/api/cart/add,2026-05-01 10:01:43,0.161,Pass,Vuser14
/api/login,2026-05-01 10:01:43,0.086,Pass,Vuser15
/api/orders,2026-05-01 10:01:44,0.459,Pass,Vuser16
/api/checkout,2026-05-01 10:01:44,0.625,Pass,Vuser17
/api/checkout,2026-05-01 10:01:44,0.480,Pass,Vuser18
/api/cart/add,2026-05-01 10:01:44,0.168,Pass,Vuser19
/api/cart/add,2026-05-01 10:01:45,0.121,Pass,Vuser20
/api/cart/add,2026-05-01 10:01:45,0.090,Pass,Vuser21
/api/checkout,2026-05-01 10:01:45,0.667,Pass,Vuser22
/api/products,2026-05-01 10:01:45,0.148,Pass,Vuser23
/api/cart/add,2026-05-01 10:01:46,0.144,Pass,Vuser24
/api/checkout,2026-05-01 10:01:46,0.698,Pass,Vuser0
/api/checkout,2026-05-01 10:01:46,0.458,Pass,Vuser1
/api/cart/add,2026-05-01 10:01:46,0.143,Pass,Vuser2
/api/login,2026-05-01 10:01:47,0.099,Pass,Vuser3
/api/cart/add,2026-05-01 10:01:47,0.172,Pass,Vuser4
/api/orders,2026-05-01 10:01:47,0.223,Pass,Vuser5
/api/checkout,2026-05-01 10:01:47,0.762,Fail,Vuser6
/api/cart/add,2026-05-01 10:01:48,0.207,Pass,Vuser7
/api/cart/add,2026-05-01 10:01:48,0.257,Pass,Vuser8
/api/login,2026-05-01 10:01:48,0.153,Pass,Vuser9
/api/checkout,2026-05-01 10:01:48,0.866,Pass,Vuser10
/api/cart/add,2026-05-01 10:01:49,0.165,Pass,Vuser11
/api/login,2026-05-01 10:01:49,0.236,Pass,Vuser12
/api/products,2026-05-01 10:01:49,0.188,Pass,Vuser13
/api/products,2026-05-01 10:01:49,0.124,Pass,Vuser14
/api/products,2026-05-01 10:01:50,0.149,Pass,Vuser15
/api/login,2026-05-01 10:01:50,0.181,Pass,Vuser16
/api/checkout,2026-05-01 10:01:50,0.349,Pass,Vuser17
/api/orders,2026-05-01 10:01:50,0.443,Pass,Vuser18
/api/orders,2026-05-01 10:01:51,0.223,Pass,Vuser19
/api/checkout,2026-05-01 10:01:51,1.077,Pass,Vuser20
/api/checkout,2026-05-01 10:01:51,0.358,Pass,Vuser21
/api/cart/add,2026-05-01 10:01:51,0.084,Pass,Vuser22
/api/cart/add,2026-05-01 10:01:52,0.137,Pass,Vuser23
/api/cart/add,2026-05-01 10:01:52,0.153,Pass,Vuser24
/api/login,2026-05-01 10:01:52,0.105,Pass,Vuser0
/api/orders,2026-05-01 10:01:52,0.282,Pass,Vuser1
/api/login,2026-05-01 10:01:53,0.063,Pass,Vuser2
/api/cart/add,2026-05-01 10:01:53,0.178,Pass,Vuser3
/api/orders,2026-05-01 10:01:53,0.431,Pass,Vuser4
/api/cart/add,2026-05-01 10:01:53,0.165,Pass,Vuser5
/api/login,2026-05-01 10:01:54,0.119,Pass,Vuser6
/api/checkout,2026-05-01 10:01:54,0.596,Pass,Vuser7
/api/orders,2026-05-01 10:01:54,0.313,Pass,Vuser8
/api/cart/add,2026-05-01 10:01:54,0.146,Pass,Vuser9
/api/cart/add,2026-05-01 10:01:55,0.143,Pass,Vuser10
/api/cart/add,2026-05-01 10:01:55,0.135,Pass,Vuser11
/api/login,2026-05-01 10:01:55,0.104,Pass,Vuser12
/api/orders,2026-05-01 10:01:55,0.347,Pass,Vuser13
/api/cart/add,2026-05-01 10:01:56,0.214,Pass,Vuser14
/api/cart/add,2026-05-01 10:01:56,0.186,Pass,Vuser15
/api/checkout,2026-05-01 10:01:56,0.817,Pass,Vuser16
/api/orders,2026-05-01 10:01:56,0.571,Pass,Vuser17
/api/cart/add,2026-05-01 10:01:57,0.179,Pass,Vuser18
/api/orders,2026-05-01 10:01:57,0.194,Pass,Vuser19
/api/checkout,2026-05-01 10:01:57,0.562,Pass,Vuser20
/api/products,2026-05-01 10:01:57,0.149,Pass,Vuser21
/api/checkout,2026-05-01 10:01:58,0.929,Pass,Vuser22
/api/cart/add,2026-05-01 10:01:58,0.366,Pass,Vuser23
/api/login,2026-05-01 10:01:58,0.088,Pass,Vuser24
/api/orders,2026-05-01 10:01:58,0.391,Pass,Vuser0
/api/cart/add,2026-05-01 10:01:59,0.199,Pass,Vuser1
/api/products,2026-05-01 10:01:59,0.101,Pass,Vuser2
/api/orders,2026-05-01 10:01:59,0.433,Pass,Vuser3
/api/checkout,2026-05-01 10:01:59,0.488,Pass,Vuser4
/api/products,2026-05-01 10:02:00,0.217,Pass,Vuser5
/api/checkout,2026-05-01 10:02:00,0.548,Pass,Vuser6
/api/products,2026-05-01 10:02:00,0.117,Pass,Vuser7
/api/products,2026-05-01 10:02:00,0.235,Pass,Vuser8
/api/orders,2026-05-01 10:02:01,0.566,Pass,Vuser9
/api/checkout,2026-05-01 10:02:01,0.578,Pass,Vuser10
/api/checkout,2026-05-01 10:02:01,0.960,Pass,Vuser11
/api/products,2026-05-01 10:02:01,0.131,Pass,Vuser12
/api/login,2026-05-01 10:02:02,0.086,Pass,Vuser13
/api/login,2026-05-01 10:02:02,0.071,Pass,Vuser14
/api/orders,2026-05-01 10:02:02,0.473,Pass,Vuser15
/api/cart/add,2026-05-01 10:02:02,0.117,Pass,Vuser16
/api/orders,2026-05-01 10:02:03,0.497,Pass,Vuser17
/api/products,2026-05-01 10:02:03,0.193,Pass,Vuser18
/api/cart/add,2026-05-01 10:02:03,0.197,Pass,Vuser19
/api/cart/add,2026-05-01 10:02:03,0.128,Pass,Vuser20
/api/login,2026-05-01 10:02:04,0.142,Pass,Vuser21
/api/cart/add,2026-05-01 10:02:04,0.158,Pass,Vuser22
/api/products,2026-05-01 10:02:04,0.258,Pass,Vuser23
/api/products,2026-05-01 10:02:04,0.177,Pass,Vuser24
/api/checkout,2026-05-01 10:02:05,0.581,Pass,Vuser0
/api/cart/add,2026-05-01 10:02:05,0.152,Pass,Vuser1
/api/products,2026-05-01 10:02:05,0.073,Pass,Vuser2
/api/login,2026-05-01 10:02:05,0.126,Pass,Vuser3
/api/products,2026-05-01 10:02:06,0.145,Pass,Vuser4
/api/orders,2026-05-01 10:02:06,0.445,Pass,Vuser5
/api/login,2026-05-01 10:02:06,0.180,Pass,Vuser6
/api/orders,2026-05-01 10:02:06,0.249,Pass,Vuser7
/api/products,2026-05-01 10:02:07,0.149,Pass,Vuser8
/api/orders,2026-05-01 10:02:07,0.408,Pass,Vuser9
/api/login,2026-05-01 10:02:07,0.103,Pass,Vuser10
/api/orders,2026-05-01 10:02:07,0.379,Pass,Vuser11
/api/orders,2026-05-01 10:02:08,0.259,Pass,Vuser12
/api/checkout,2026-05-01 10:02:08,0.534,Pass,Vuser13
/api/cart/add,2026-05-01 10:02:08,0.149,Pass,Vuser14
/api/products,2026-05-01 10:02:08,0.103,Pass,Vuser15
/api/login,2026-05-01 10:02:09,0.161,Pass,Vuser16
/api/login,2026-05-01 10:02:09,0.069,Pass,Vuser17
/api/cart/add,2026-05-01 10:02:09,0.162,Pass,Vuser18
/api/checkout,2026-05-01 10:02:09,0.486,Pass,Vuser19
/api/checkout,2026-05-01 10:02:10,0.353,Pass,Vuser20
/api/checkout,2026-05-01 10:02:10,0.331,Fail,Vuser21
/api/products,2026-05-01 10:02:10,0.182,Pass,Vuser22
/api/cart/add,2026-05-01 10:02:10,0.159,Pass,Vuser23
/api/orders,2026-05-01 10:02:11,0.360,Pass,Vuser24
/api/cart/add,2026-05-01 10:02:11,0.152,Pass,Vuser0
/api/login,2026-05-01 10:02:11,0.180,Pass,Vuser1
/api/cart/add,2026-05-01 10:02:11,0.116,Pass,Vuser2
/api/checkout,2026-05-01 10:02:12,0.582,Pass,Vuser3
/api/products,2026-05-01 10:02:12,0.050,Pass,Vuser4
/api/checkout,2026-05-01 10:02:12,0.360,Pass,Vuser5
/api/login,2026-05-01 10:02:12,0.216,Pass,Vuser6
/api/login,2026-05-01 10:02:13,0.050,Pass,Vuser7
/api/cart/add,2026-05-01 10:02:13,0.219,Pass,Vuser8
/api/login,2026-05-01 10:02:13,0.130,Pass,Vuser9
/api/checkout,2026-05-01 10:02:13,0.748,Pass,Vuser10
/api/checkout,2026-05-01 10:02:14,0.565,Pass,Vuser11
/api/cart/add,2026-05-01 10:02:14,0.162,Pass,Vuser12
/api/checkout,2026-05-01 10:02:14,0.514,Pass,Vuser13
/api/login,2026-05-01 10:02:14,0.288,Pass,Vuser14
/api/checkout,2026-05-01 10:02:15,0.365,Pass,Vuser15
/api/login,2026-05-01 10:02:15,0.218,Pass,Vuser16
/api/orders,2026-05-01 10:02:15,0.330,Pass,Vuser17
/api/products,2026-05-01 10:02:15,0.102,Pass,Vuser18
/api/cart/add,2026-05-01 10:02:16,0.071,Pass,Vuser19
/api/products,2026-05-01 10:02:16,0.243,Pass,Vuser20
/api/cart/add,2026-05-01 10:02:16,0.091,Pass,Vuser21
/api/orders,2026-05-01 10:02:16,0.583,Pass,Vuser22
/api/cart/add,2026-05-01 10:02:17,0.128,Pass,Vuser23
/api/products,2026-05-01 10:02:17,0.119,Pass,Vuser24
/api/checkout,2026-05-01 10:02:17,0.686,Pass,Vuser0
/api/checkout,2026-05-01 10:02:17,0.548,Pass,Vuser1
/api/orders,2026-05-01 10:02:18,0.326,Pass,Vuser2
/api/login,2026-05-01 10:02:18,0.259,Pass,Vuser3
/api/login,2026-05-01 10:02:18,0.050,Pass,Vuser4
/api/login,2026-05-01 10:02:18,0.182,Pass,Vuser5
/api/cart/add,2026-05-01 10:02:19,0.111,Pass,Vuser6
/api/cart/add,2026-05-01 10:02:19,0.082,Pass,Vuser7
/api/products,2026-05-01 10:02:19,0.123,Pass,Vuser8
/api/cart/add,2026-05-01 10:02:19,0.050,Pass,Vuser9
/api/login,2026-05-01 10:02:20,0.238,Pass,Vuser10
/api/checkout,2026-05-01 10:02:20,0.567,Fail,Vuser11
/api/orders,2026-05-01 10:02:20,0.249,Pass,Vuser12
/api/products,2026-05-01 10:02:20,0.125,Pass,Vuser13
/api/login,2026-05-01 10:02:21,0.196,Pass,Vuser14
/api/checkout,2026-05-01 10:02:21,0.681,Pass,Vuser15
/api/checkout,2026-05-01 10:02:21,0.635,Pass,Vuser16
/api/login,2026-05-01 10:02:21,0.132,Pass,Vuser17
/api/orders,2026-05-01 10:02:22,0.228,Pass,Vuser18
/api/orders,2026-05-01 10:02:22,0.655,Pass,Vuser19
/api/products,2026-05-01 10:02:22,0.050,Pass,Vuser20
/api/login,2026-05-01 10:02:22,0.195,Pass,Vuser21
/api/cart/add,2026-05-01 10:02:23,0.173,Pass,Vuser22
/api/cart/add,2026-05-01 10:02:23,0.188,Pass,Vuser23
/api/orders,2026-05-01 10:02:23,0.629,Pass,Vuser24
/api/orders,2026-05-01 10:02:23,0.222,Pass,Vuser0
/api/cart/add,2026-05-01 10:02:24,0.133,Pass,Vuser1
/api/orders,2026-05-01 10:02:24,0.356,Pass,Vuser2
/api/products,2026-05-01 10:02:24,0.183,Pass,Vuser3
/api/cart/add,2026-05-01 10:02:24,0.212,Pass,Vuser4
/api/orders,2026-05-01 10:02:25,0.690,Pass,Vuser5
/api/orders,2026-05-01 10:02:25,0.477,Pass,Vuser6
/api/products,2026-05-01 10:02:25,0.156,Pass,Vuser7
/api/checkout,2026-05-01 10:02:25,0.394,Pass,Vuser8
/api/orders,2026-05-01 10:02:26,0.307,Pass,Vuser9
/api/checkout,2026-05-01 10:02:26,1.086,Pass,Vuser10
/api/login,2026-05-01 10:02:26,0.139,Pass,Vuser11
/api/checkout,2026-05-01 10:02:26,0.491,Pass,Vuser12
/api/orders,2026-05-01 10:02:27,0.585,Pass,Vuser13
/api/cart/add,2026-05-01 10:02:27,0.228,Pass,Vuser14
/api/products,2026-05-01 10:02:27,0.154,Pass,Vuser15
/api/products,2026-05-01 10:02:27,0.090,Pass,Vuser16
/api/cart/add,2026-05-01 10:02:28,0.124,Pass,Vuser17
/api/checkout,2026-05-01 10:02:28,0.634,Pass,Vuser18
/api/checkout,2026-05-01 10:02:28,0.604,Pass,Vuser19
/api/cart/add,2026-05-01 10:02:28,0.250,Pass,Vuser20
/api/cart/add,2026-05-01 10:02:29,0.161,Pass,Vuser21
/api/checkout,2026-05-01 10:02:29,0.710,Pass,Vuser22
/api/cart/add,2026-05-01 10:02:29,0.128,Pass,Vuser23
/api/checkout,2026-05-01 10:02:29,0.601,Pass,Vuser24
/api/products,2026-05-01 10:02:30,0.136,Pass,Vuser0
/api/orders,2026-05-01 10:02:30,0.376,Pass,Vuser1
/api/checkout,2026-05-01 10:02:30,0.594,Pass,Vuser2
/api/products,2026-05-01 10:02:30,0.156,Pass,Vuser3
/api/cart/add,2026-05-01 10:02:31,0.154,Pass,Vuser4
/api/orders,2026-05-01 10:02:31,0.257,Pass,Vuser5
/api/cart/add,2026-05-01 10:02:31,0.132,Pass,Vuser6
/api/orders,2026-05-01 10:02:31,0.381,Pass,Vuser7
/api/orders,2026-05-01 10:02:32,0.368,Pass,Vuser8
/api/checkout,2026-05-01 10:02:32,0.509,Pass,Vuser9
/api/cart/add,2026-05-01 10:02:32,0.105,Pass,Vuser10
/api/orders,2026-05-01 10:02:32,0.349,Pass,Vuser11
/api/orders,2026-05-01 10:02:33,0.441,Pass,Vuser12
/api/checkout,2026-05-01 10:02:33,0.614,Pass,Vuser13
/api/products,2026-05-01 10:02:33,0.103,Pass,Vuser14
/api/orders,2026-05-01 10:02:33,0.288,Pass,Vuser15
/api/checkout,2026-05-01 10:02:34,0.927,Pass,Vuser16
/api/cart/add,2026-05-01 10:02:34,0.145,Pass,Vuser17
/api/orders,2026-05-01 10:02:34,0.169,Pass,Vuser18
/api/login,2026-05-01 10:02:34,0.134,Pass,Vuser19
/api/login,2026-05-01 10:02:35,0.216,Pass,Vuser20
/api/login,2026-05-01 10:02:35,0.142,Pass,Vuser21
/api/cart/add,2026-05-01 10:02:35,0.236,Pass,Vuser22
/api/orders,2026-05-01 10:02:35,0.346,Pass,Vuser23
/api/login,2026-05-01 10:02:36,0.124,Pass,Vuser24
/api/orders,2026-05-01 10:02:36,0.354,Pass,Vuser0
/api/checkout,2026-05-01 10:02:36,0.781,Fail,Vuser1
/api/login,2026-05-01 10:02:36,0.210,Pass,Vuser2
/api/checkout,2026-05-01 10:02:37,0.555,Pass,Vuser3
/api/checkout,2026-05-01 10:02:37,0.706,Pass,Vuser4
/api/orders,2026-05-01 10:02:37,0.667,Pass,Vuser5
/api/login,2026-05-01 10:02:37,0.101,Pass,Vuser6
/api/orders,2026-05-01 10:02:38,0.435,Pass,Vuser7
/api/orders,2026-05-01 10:02:38,0.528,Pass,Vuser8
/api/products,2026-05-01 10:02:38,0.090,Pass,Vuser9
/api/cart/add,2026-05-01 10:02:38,0.165,Pass,Vuser10
/api/products,2026-05-01 10:02:39,0.189,Pass,Vuser11
/api/cart/add,2026-05-01 10:02:39,0.139,Pass,Vuser12
/api/products,2026-05-01 10:02:39,0.129,Pass,Vuser13
/api/orders,2026-05-01 10:02:39,0.238,Pass,Vuser14
/api/cart/add,2026-05-01 10:02:40,0.135,Pass,Vuser15
/api/checkout,2026-05-01 10:02:40,0.854,Pass,Vuser16
/api/products,2026-05-01 10:02:40,0.140,Pass,Vuser17
/api/cart/add,2026-05-01 10:02:40,0.190,Pass,Vuser18
/api/cart/add,2026-05-01 10:02:41,0.149,Pass,Vuser19
/api/cart/add,2026-05-01 10:02:41,0.115,Pass,Vuser20
/api/cart/add,2026-05-01 10:02:41,0.195,Pass,Vuser21
/api/products,2026-05-01 10:02:41,0.203,Pass,Vuser22
/api/orders,2026-05-01 10:02:42,0.417,Pass,Vuser23
/api/cart/add,2026-05-01 10:02:42,0.186,Pass,Vuser24
/api/login,2026-05-01 10:02:42,0.139,Pass,Vuser0
/api/products,2026-05-01 10:02:42,0.125,Pass,Vuser1
/api/checkout,2026-05-01 10:02:43,0.468,Pass,Vuser2
/api/cart/add,2026-05-01 10:02:43,0.155,Pass,Vuser3
/api/login,2026-05-01 10:02:43,0.168,Pass,Vuser4
/api/orders,2026-05-01 10:02:43,0.364,Pass,Vuser5
/api/login,2026-05-01 10:02:44,0.177,Pass,Vuser6
/api/products,2026-05-01 10:02:44,0.134,Pass,Vuser7
/api/login,2026-05-01 10:02:44,0.200,Pass,Vuser8
/api/cart/add,2026-05-01 10:02:44,0.149,Pass,Vuser9
/api/login,2026-05-01 10:02:45,0.130,Pass,Vuser10
/api/cart/add,2026-05-01 10:02:45,0.215,Pass,Vuser11
/api/orders,2026-05-01 10:02:45,0.089,Pass,Vuser12
/api/orders,2026-05-01 10:02:45,0.352,Pass,Vuser13
/api/products,2026-05-01 10:02:46,0.166,Pass,Vuser14
/api/cart/add,2026-05-01 10:02:46,0.108,Pass,Vuser15
/api/login,2026-05-01 10:02:46,0.143,Pass,Vuser16
/api/products,2026-05-01 10:02:46,0.062,Pass,Vuser17
/api/checkout,2026-05-01 10:02:47,0.712,Pass,Vuser18
/api/login,2026-05-01 10:02:47,0.097,Pass,Vuser19
/api/products,2026-05-01 10:02:47,0.050,Fail,Vuser20
/api/checkout,2026-05-01 10:02:47,0.666,Pass,Vuser21
/api/cart/add,2026-05-01 10:02:48,0.191,Pass,Vuser22
/api/login,2026-05-01 10:02:48,0.138,Pass,Vuser23
/api/cart/add,2026-05-01 10:02:48,0.144,Pass,Vuser24
/api/cart/add,2026-05-01 10:02:48,0.133,Pass,Vuser0
/api/orders,2026-05-01 10:02:49,0.678,Pass,Vuser1
/api/login,2026-05-01 10:02:49,0.101,Pass,Vuser2
/api/cart/add,2026-05-01 10:02:49,0.126,Pass,Vuser3
/api/checkout,2026-05-01 10:02:49,0.704,Pass,Vuser4
/api/orders,2026-05-01 10:02:50,0.236,Pass,Vuser5
/api/orders,2026-05-01 10:02:50,0.566,Pass,Vuser6
/api/products,2026-05-01 10:02:50,0.156,Pass,Vuser7
/api/login,2026-05-01 10:02:50,0.075,Pass,Vuser8
/api/orders,2026-05-01 10:02:51,0.383,Pass,Vuser9
/api/login,2026-05-01 10:02:51,0.131,Pass,Vuser10
/api/orders,2026-05-01 10:02:51,0.455,Pass,Vuser11
/api/orders,2026-05-01 10:02:51,0.578,Pass,Vuser12
/api/products,2026-05-01 10:02:52,0.138,Pass,Vuser13
/api/checkout,2026-05-01 10:02:52,0.373,Pass,Vuser14
/api/checkout,2026-05-01 10:02:52,0.740,Pass,Vuser15
/api/orders,2026-05-01 10:02:52,0.515,Pass,Vuser16
/api/cart/add,2026-05-01 10:02:53,0.142,Pass,Vuser17
/api/products,2026-05-01 10:02:53,0.101,Pass,Vuser18
/api/login,2026-05-01 10:02:53,0.081,Pass,Vuser19
/api/login,2026-05-01 10:02:53,0.186,Pass,Vuser20
/api/login,2026-05-01 10:02:54,0.206,Pass,Vuser21
/api/products,2026-05-01 10:02:54,0.145,Pass,Vuser22
/api/checkout,2026-05-01 10:02:54,0.303,Pass,Vuser23
/api/checkout,2026-05-01 10:02:54,0.899,Pass,Vuser24
/api/orders,2026-05-01 10:02:55,0.600,Pass,Vuser0
/api/orders,2026-05-01 10:02:55,0.621,Pass,Vuser1
/api/products,2026-05-01 10:02:55,0.145,Fail,Vuser2
/api/login,2026-05-01 10:02:55,0.115,Pass,Vuser3
/api/checkout,2026-05-01 10:02:56,0.484,Pass,Vuser4
/api/products,2026-05-01 10:02:56,0.094,Pass,Vuser5
/api/cart/add,2026-05-01 10:02:56,0.168,Pass,Vuser6
/api/login,2026-05-01 10:02:56,0.177,Pass,Vuser7
/api/checkout,2026-05-01 10:02:57,0.248,Pass,Vuser8
/api/products,2026-05-01 10:02:57,0.072,Pass,Vuser9
/api/login,2026-05-01 10:02:57,0.105,Pass,Vuser10
/api/login,2026-05-01 10:02:57,0.120,Pass,Vuser11
/api/login,2026-05-01 10:02:58,0.120,Pass,Vuser12
/api/login,2026-05-01 10:02:58,0.171,Pass,Vuser13
/api/cart/add,2026-05-01 10:02:58,0.161,Pass,Vuser14
/api/orders,2026-05-01 10:02:58,0.733,Pass,Vuser15
/api/cart/add,2026-05-01 10:02:59,0.158,Pass,Vuser16
/api/orders,2026-05-01 10:02:59,0.706,Pass,Vuser17
/api/cart/add,2026-05-01 10:02:59,0.140,Pass,Vuser18
/api/products,2026-05-01 10:02:59,0.213,Pass,Vuser19
/api/checkout,2026-05-01 10:03:00,0.542,Pass,Vuser20
/api/checkout,2026-05-01 10:03:00,0.579,Pass,Vuser21
/api/cart/add,2026-05-01 10:03:00,0.133,Pass,Vuser22
/api/products,2026-05-01 10:03:00,0.102,Pass,Vuser23
/api/checkout,2026-05-01 10:03:01,0.608,Pass,Vuser24
/api/products,2026-05-01 10:03:01,0.186,Pass,Vuser0
/api/login,2026-05-01 10:03:01,0.050,Pass,Vuser1
/api/products,2026-05-01 10:03:01,0.100,Pass,Vuser2
/api/cart/add,2026-05-01 10:03:02,0.171,Pass,Vuser3
/api/cart/add,2026-05-01 10:03:02,0.219,Pass,Vuser4
/api/products,2026-05-01 10:03:02,0.196,Pass,Vuser5
/api/login,2026-05-01 10:03:02,0.165,Pass,Vuser6
/api/products,2026-05-01 10:03:03,0.172,Pass,Vuser7
/api/products,2026-05-01 10:03:03,0.087,Pass,Vuser8
/api/cart/add,2026-05-01 10:03:03,0.114,Pass,Vuser9
/api/products,2026-05-01 10:03:03,0.253,Pass,Vuser10
/api/login,2026-05-01 10:03:04,0.148,Pass,Vuser11
/api/orders,2026-05-01 10:03:04,0.149,Pass,Vuser12
/api/checkout,2026-05-01 10:03:04,0.818,Pass,Vuser13
/api/checkout,2026-05-01 10:03:04,0.471,Pass,Vuser14
/api/cart/add,2026-05-01 10:03:05,0.133,Pass,Vuser15
/api/checkout,2026-05-01 10:03:05,0.776,Pass,Vuser16
/api/checkout,2026-05-01 10:03:05,0.613,Pass,Vuser17
/api/cart/add,2026-05-01 10:03:05,0.106,Pass,Vuser18
/api/orders,2026-05-01 10:03:06,0.562,Fail,Vuser19
/api/orders,2026-05-01 10:03:06,0.214,Pass,Vuser20
/api/orders,2026-05-01 10:03:06,0.376,Pass,Vuser21
/api/products,2026-05-01 10:03:06,0.109,Pass,Vuser22
/api/products,2026-05-01 10:03:07,0.077,Pass,Vuser23
/api/cart/add,2026-05-01 10:03:07,0.150,Pass,Vuser24
/api/checkout,2026-05-01 10:03:07,0.880,Pass,Vuser0
/api/products,2026-05-01 10:03:07,0.135,Pass,Vuser1
/api/cart/add,2026-05-01 10:03:08,0.189,Pass,Vuser2
/api/orders,2026-05-01 10:03:08,0.609,Pass,Vuser3
/api/login,2026-05-01 10:03:08,0.056,Pass,Vuser4
/api/login,2026-05-01 10:03:08,0.136,Pass,Vuser5
/api/checkout,2026-05-01 10:03:09,0.783,Pass,Vuser6
/api/products,2026-05-01 10:03:09,0.204,Fail,Vuser7
/api/orders,2026-05-01 10:03:09,0.349,Pass,Vuser8
/api/orders,2026-05-01 10:03:09,0.414,Pass,Vuser9
/api/checkout,2026-05-01 10:03:10,0.845,Pass,Vuser10
/api/login,2026-05-01 10:03:10,0.156,Pass,Vuser11
/api/cart/add,2026-05-01 10:03:10,0.110,Pass,Vuser12
/api/checkout,2026-05-01 10:03:10,0.563,Pass,Vuser13
/api/products,2026-05-01 10:03:11,0.168,Pass,Vuser14
/api/products,2026-05-01 10:03:11,0.164,Pass,Vuser15
/api/cart/add,2026-05-01 10:03:11,0.166,Pass,Vuser16
/api/cart/add,2026-05-01 10:03:11,0.114,Pass,Vuser17
/api/checkout,2026-05-01 10:03:12,0.050,Pass,Vuser18
/api/login,2026-05-01 10:03:12,0.090,Pass,Vuser19
/api/login,2026-05-01 10:03:12,0.191,Pass,Vuser20
/api/login,2026-05-01 10:03:12,0.177,Pass,Vuser21
/api/products,2026-05-01 10:03:13,0.234,Pass,Vuser22
/api/cart/add,2026-05-01 10:03:13,0.198,Pass,Vuser23
/api/login,2026-05-01 10:03:13,0.239,Pass,Vuser24
/api/orders,2026-05-01 10:03:13,0.193,Pass,Vuser0
/api/login,2026-05-01 10:03:14,0.217,Pass,Vuser1
/api/orders,2026-05-01 10:03:14,0.296,Pass,Vuser2
/api/login,2026-05-01 10:03:14,0.192,Pass,Vuser3
/api/products,2026-05-01 10:03:14,0.238,Pass,Vuser4
/api/checkout,2026-05-01 10:03:15,0.752,Pass,Vuser5
/api/orders,2026-05-01 10:03:15,0.345,Pass,Vuser6
/api/checkout,2026-05-01 10:03:15,0.490,Pass,Vuser7
/api/products,2026-05-01 10:03:15,0.094,Pass,Vuser8
/api/login,2026-05-01 10:03:16,0.050,Pass,Vuser9
/api/checkout,2026-05-01 10:03:16,0.597,Pass,Vuser10
/api/login,2026-05-01 10:03:16,0.104,Pass,Vuser11
/api/checkout,2026-05-01 10:03:16,0.888,Pass,Vuser12
/api/cart/add,2026-05-01 10:03:17,0.189,Pass,Vuser13
/api/checkout,2026-05-01 10:03:17,0.630,Pass,Vuser14
/api/orders,2026-05-01 10:03:17,0.549,Pass,Vuser15
/api/checkout,2026-05-01 10:03:17,0.523,Pass,Vuser16
/api/orders,2026-05-01 10:03:18,0.368,Pass,Vuser17
/api/cart/add,2026-05-01 10:03:18,0.186,Pass,Vuser18
/api/products,2026-05-01 10:03:18,0.147,Pass,Vuser19
/api/login,2026-05-01 10:03:18,0.106,Pass,Vuser20
/api/checkout,2026-05-01 10:03:19,0.499,Pass,Vuser21
/api/products,2026-05-01 10:03:19,0.181,Pass,Vuser22
/api/orders,2026-05-01 10:03:19,0.255,Pass,Vuser23
/api/cart/add,2026-05-01 10:03:19,0.133,Pass,Vuser24
